{"schemaVersion":"1.0","appDefinitionTemplate":{"id":"/providers/Microsoft.PowerApps/apps/","type":"Microsoft.PowerApps/apps","tags":{"minimumRequiredApiVersion":"2.2.0"},"properties":{"appVersion":"2019-02-14T18:53:43Z","lifeCycleId":"Published","createdByClientVersion":{"major":3,"minor":19014,"build":10,"revision":0,"majorRevision":0,"minorRevision":0},"minClientVersion":{"major":3,"minor":19014,"build":10,"revision":0,"majorRevision":0,"minorRevision":0},"backgroundColor":"rgba(0, 176, 240, 1)","backgroundImageUri":"/10332644650787548888/N44d0c166-389d-4717-9563-1c77311a324b-logoSmallFile","displayName":"Device Order App","description":"","appUris":{"documentUri":{"value":"/10332644650787548888/N72ebcf5b-f66b-4822-bd54-f2391a4fcc8b-document.msapp","readonlyValue":"/10332644650787548888/N72ebcf5b-f66b-4822-bd54-f2391a4fcc8b-document.msapp"},"imageUris":[]},"createdTime":"0001-01-01T00:00:00Z","lastModifiedTime":"0001-01-01T00:00:00Z","sharedGroupsCount":0,"sharedUsersCount":0,"icons":{"smallIconUri":"/10332644650787548888/N7e28b8f3-224d-4dfa-9ca7-9df27b99af16-small.png","mediumIconUri":"/10332644650787548888/N3f2949fd-d74d-4b3c-bc88-f54dd55853da-medium.png","largeIconUri":"/10332644650787548888/N286c8580-46b8-4c96-9a47-acb9553f2543-large.png","wideIconUri":"/10332644650787548888/Ndb43c105-b43a-4fb1-a647-9db271946f61-wide.png"},"connectionReferences":{},"almMode":"Environment"}}}