{"schemaVersion":"1.0","appDefinitionTemplate":{"id":"/providers/Microsoft.PowerApps/apps/","type":"Microsoft.PowerApps/apps","tags":{"minimumRequiredApiVersion":"2.2.0"},"properties":{"appVersion":"2018-12-03T15:11:42Z","lifeCycleId":"Published","createdByClientVersion":{"major":3,"minor":18111,"build":17,"revision":0,"majorRevision":0,"minorRevision":0},"minClientVersion":{"major":3,"minor":18111,"build":17,"revision":0,"majorRevision":0,"minorRevision":0},"backgroundColor":"rgba(37, 62, 143, 1)","backgroundImageUri":"/6968749438728728777/N86244a9a-9fca-4947-966e-df2dda6dc11f-logoSmallFile","displayName":"Expense Tracker","description":"","appUris":{"documentUri":{"value":"/6968749438728728777/Nebb3f8ea-02d7-413e-94d1-4b865548e0f9-document.msapp","readonlyValue":"/6968749438728728777/Nebb3f8ea-02d7-413e-94d1-4b865548e0f9-document.msapp"},"imageUris":[]},"createdTime":"0001-01-01T00:00:00Z","lastModifiedTime":"0001-01-01T00:00:00Z","sharedGroupsCount":0,"sharedUsersCount":0,"icons":{"smallIconUri":"/6968749438728728777/N1539d210-a073-4c74-8314-fc1b6dc3bda4-small.png","mediumIconUri":"/6968749438728728777/N27669d6b-0bb3-4c98-870a-cae29fb7812b-medium.png","largeIconUri":"/6968749438728728777/Na0d40485-6198-4a8e-90ab-ab835f6fd375-large.png","wideIconUri":"/6968749438728728777/Nd023988f-525c-46a5-b05c-fb42fcd1fb5a-wide.png"},"connectionReferences":{"631ea2ae-4c80-4b7a-adb5-d56cb097c667":{"id":"a2cb6ad2-dedf-4adc-bf41-3fabc463b95e","displayName":"Excel","iconUri":"https://connectoricons-prod.azureedge.net/excel/icon_1.0.1018.1190.png","dataSources":["Expenses"],"dependencies":["8c5b99df-c246-4b7f-a362-0fe2d1278aa9"],"dependents":[],"parameterHints":{"8c5b99df-c246-4b7f-a362-0fe2d1278aa9":{"value":"fileSource"}},"isOnPremiseConnection":false,"bypassConsent":false,"dataSets":{"01ICZEZRSMIT524XLZLVB3UX7KWTN5CS46":{"dataSources":{"Expenses":{"tableName":"Expenses"}}}},"apiTier":"Standard"},"8c5b99df-c246-4b7f-a362-0fe2d1278aa9":{"id":"a8405b95-7fc2-420d-a389-51d6545fdea1","displayName":"OneDrive for Business","iconUri":"https://connectoricons-prod.azureedge.net/onedriveforbusiness/icon_1.0.1061.1268.png","dataSources":[],"dependencies":[],"dependents":["631ea2ae-4c80-4b7a-adb5-d56cb097c667"],"parameterHints":{},"isOnPremiseConnection":false,"bypassConsent":false,"dataSets":{},"apiTier":"Standard"}},"almMode":"Environment"}}}