{"schemaVersion":"1.0","appDefinitionTemplate":{"id":"/providers/Microsoft.PowerApps/apps/","type":"Microsoft.PowerApps/apps","tags":{"minimumRequiredApiVersion":"2.2.0"},"properties":{"appVersion":"2018-12-03T16:07:14Z","lifeCycleId":"Published","createdByClientVersion":{"major":3,"minor":18111,"build":17,"revision":0,"majorRevision":0,"minorRevision":0},"minClientVersion":{"major":3,"minor":18111,"build":17,"revision":0,"majorRevision":0,"minorRevision":0},"backgroundColor":"rgba(0, 176, 240, 1)","backgroundImageUri":"/13213797009180439892/Ne85b6c14-9b18-4f1e-ac40-98d1d3e6c281-logoSmallFile","displayName":"Device Ordering App","description":"","appUris":{"documentUri":{"value":"/13213797009180439892/Nabb16545-721c-4d3a-9e2f-a29bd7c5e16b-document.msapp","readonlyValue":"/13213797009180439892/Nabb16545-721c-4d3a-9e2f-a29bd7c5e16b-document.msapp"},"imageUris":[]},"createdTime":"0001-01-01T00:00:00Z","lastModifiedTime":"0001-01-01T00:00:00Z","sharedGroupsCount":0,"sharedUsersCount":0,"icons":{"smallIconUri":"/13213797009180439892/N9df5272d-adb4-4832-88de-fc8cd5959fa0-small.png","mediumIconUri":"/13213797009180439892/N5b2e236f-d4e1-4a4e-a439-990461f12415-medium.png","largeIconUri":"/13213797009180439892/N8fb49ef7-8451-4b60-8c23-1e476391ab46-large.png","wideIconUri":"/13213797009180439892/N1b3a6183-8f4c-42d6-bb7b-f9d6f8abc56a-wide.png"},"connectionReferences":{},"almMode":"Environment"}}}