{"schemaVersion":"1.0","appDefinitionTemplate":{"id":"/providers/Microsoft.PowerApps/apps/","type":"Microsoft.PowerApps/apps","tags":{"minimumRequiredApiVersion":"2.2.0"},"properties":{"appVersion":"2018-12-03T16:07:14Z","lifeCycleId":"Published","createdByClientVersion":{"major":3,"minor":18111,"build":17,"revision":0,"majorRevision":0,"minorRevision":0},"minClientVersion":{"major":3,"minor":18111,"build":17,"revision":0,"majorRevision":0,"minorRevision":0},"backgroundColor":"rgba(0, 176, 240, 1)","backgroundImageUri":"/13213797009180439892/Nb120f0bc-c812-40ad-8e0c-4563a2d40315-logoSmallFile","displayName":"Device Ordering App","description":"","appUris":{"documentUri":{"value":"/13213797009180439892/N5422c6af-8e18-42c2-a8c0-c413dc649e5c-document.msapp","readonlyValue":"/13213797009180439892/N5422c6af-8e18-42c2-a8c0-c413dc649e5c-document.msapp"},"imageUris":[]},"createdTime":"0001-01-01T00:00:00Z","lastModifiedTime":"0001-01-01T00:00:00Z","sharedGroupsCount":0,"sharedUsersCount":0,"icons":{"smallIconUri":"/13213797009180439892/N35632054-9cbb-4a01-8817-2e1201abefa8-small.png","mediumIconUri":"/13213797009180439892/N3751a032-8ceb-44e6-a5b0-0e100373ad58-medium.png","largeIconUri":"/13213797009180439892/N918afd19-7010-404c-a706-7c97952d761d-large.png","wideIconUri":"/13213797009180439892/N79a912d3-9a7a-4523-925e-c272eaa07c9c-wide.png"},"connectionReferences":{},"almMode":"Environment"}}}